date,sunrise,sunset
6/2/22,2022-06-02 05:42:35-04:00,2022-06-01 20:29:47-04:00
6/3/22,2022-06-03 05:42:15-04:00,2022-06-02 20:30:27-04:00
6/4/22,2022-06-04 05:41:57-04:00,2022-06-03 20:31:06-04:00
6/5/22,2022-06-05 05:41:40-04:00,2022-06-04 20:31:43-04:00
6/6/22,2022-06-06 05:41:26-04:00,2022-06-05 20:32:20-04:00
6/7/22,2022-06-07 05:41:13-04:00,2022-06-06 20:32:55-04:00
6/8/22,2022-06-08 05:41:02-04:00,2022-06-07 20:33:28-04:00
6/9/22,2022-06-09 05:40:53-04:00,2022-06-08 20:34:01-04:00
6/10/22,2022-06-10 05:40:46-04:00,2022-06-09 20:34:32-04:00
6/11/22,2022-06-11 05:40:41-04:00,2022-06-10 20:35:01-04:00
6/12/22,2022-06-12 05:40:38-04:00,2022-06-11 20:35:29-04:00
6/13/22,2022-06-13 05:40:36-04:00,2022-06-12 20:35:56-04:00
6/14/22,2022-06-14 05:40:37-04:00,2022-06-13 20:36:21-04:00
6/15/22,2022-06-15 05:40:39-04:00,2022-06-14 20:36:44-04:00
6/16/22,2022-06-16 05:40:43-04:00,2022-06-15 20:37:06-04:00
6/17/22,2022-06-17 05:40:49-04:00,2022-06-16 20:37:26-04:00
6/18/22,2022-06-18 05:40:56-04:00,2022-06-17 20:37:45-04:00
6/19/22,2022-06-19 05:41:06-04:00,2022-06-18 20:38:02-04:00
6/20/22,2022-06-20 05:41:17-04:00,2022-06-19 20:38:17-04:00
6/21/22,2022-06-21 05:41:30-04:00,2022-06-20 20:38:30-04:00
6/22/22,2022-06-22 05:41:44-04:00,2022-06-21 20:38:42-04:00
6/23/22,2022-06-23 05:42:00-04:00,2022-06-22 20:38:52-04:00
6/24/22,2022-06-24 05:42:18-04:00,2022-06-23 20:39:00-04:00
6/25/22,2022-06-25 05:42:37-04:00,2022-06-24 20:39:06-04:00
6/26/22,2022-06-26 05:42:58-04:00,2022-06-25 20:39:10-04:00
6/27/22,2022-06-27 05:43:21-04:00,2022-06-26 20:39:12-04:00
6/28/22,2022-06-28 05:43:45-04:00,2022-06-27 20:39:13-04:00
6/29/22,2022-06-29 05:44:10-04:00,2022-06-28 20:39:12-04:00
6/30/22,2022-06-30 05:44:37-04:00,2022-06-29 20:39:08-04:00
7/1/22,2022-07-01 05:45:06-04:00,2022-06-30 20:39:03-04:00
7/2/22,2022-07-02 05:45:36-04:00,2022-07-01 20:38:56-04:00
7/3/22,2022-07-03 05:46:07-04:00,2022-07-02 20:38:47-04:00
7/4/22,2022-07-04 05:46:39-04:00,2022-07-03 20:38:36-04:00
7/5/22,2022-07-05 05:47:13-04:00,2022-07-04 20:38:23-04:00
7/6/22,2022-07-06 05:47:48-04:00,2022-07-05 20:38:09-04:00
7/7/22,2022-07-07 05:48:24-04:00,2022-07-06 20:37:52-04:00
7/8/22,2022-07-08 05:49:01-04:00,2022-07-07 20:37:33-04:00
7/9/22,2022-07-09 05:49:39-04:00,2022-07-08 20:37:13-04:00
7/10/22,2022-07-10 05:50:19-04:00,2022-07-09 20:36:50-04:00
7/11/22,2022-07-11 05:50:59-04:00,2022-07-10 20:36:26-04:00
7/12/22,2022-07-12 05:51:41-04:00,2022-07-11 20:36:00-04:00
7/13/22,2022-07-13 05:52:23-04:00,2022-07-12 20:35:32-04:00
7/14/22,2022-07-14 05:53:06-04:00,2022-07-13 20:35:02-04:00
7/15/22,2022-07-15 05:53:50-04:00,2022-07-14 20:34:30-04:00
7/16/22,2022-07-16 05:54:35-04:00,2022-07-15 20:33:56-04:00
7/17/22,2022-07-17 05:55:21-04:00,2022-07-16 20:33:21-04:00
7/18/22,2022-07-18 05:56:07-04:00,2022-07-17 20:32:43-04:00
7/19/22,2022-07-19 05:56:55-04:00,2022-07-18 20:32:04-04:00
7/20/22,2022-07-20 05:57:43-04:00,2022-07-19 20:31:23-04:00
7/21/22,2022-07-21 05:58:31-04:00,2022-07-20 20:30:41-04:00
7/22/22,2022-07-22 05:59:20-04:00,2022-07-21 20:29:56-04:00
7/23/22,2022-07-23 06:00:10-04:00,2022-07-22 20:29:10-04:00
7/24/22,2022-07-24 06:01:00-04:00,2022-07-23 20:28:22-04:00
7/25/22,2022-07-25 06:01:51-04:00,2022-07-24 20:27:33-04:00
7/26/22,2022-07-26 06:02:42-04:00,2022-07-25 20:26:42-04:00
7/27/22,2022-07-27 06:03:33-04:00,2022-07-26 20:25:49-04:00
7/28/22,2022-07-28 06:04:25-04:00,2022-07-27 20:24:55-04:00
7/29/22,2022-07-29 06:05:17-04:00,2022-07-28 20:23:59-04:00
7/30/22,2022-07-30 06:06:10-04:00,2022-07-29 20:23:01-04:00
7/31/22,2022-07-31 06:07:03-04:00,2022-07-30 20:22:02-04:00
8/1/22,2022-08-01 06:07:56-04:00,2022-07-31 20:21:02-04:00
8/2/22,2022-08-02 06:08:49-04:00,2022-08-01 20:20:00-04:00
8/3/22,2022-08-03 06:09:43-04:00,2022-08-02 20:18:57-04:00
8/4/22,2022-08-04 06:10:37-04:00,2022-08-03 20:17:52-04:00
8/5/22,2022-08-05 06:11:31-04:00,2022-08-04 20:16:46-04:00
8/6/22,2022-08-06 06:12:25-04:00,2022-08-05 20:15:38-04:00
8/7/22,2022-08-07 06:13:19-04:00,2022-08-06 20:14:30-04:00
8/8/22,2022-08-08 06:14:13-04:00,2022-08-07 20:13:20-04:00
8/9/22,2022-08-09 06:15:08-04:00,2022-08-08 20:12:08-04:00
8/10/22,2022-08-10 06:16:02-04:00,2022-08-09 20:10:56-04:00
8/11/22,2022-08-11 06:16:57-04:00,2022-08-10 20:09:42-04:00
8/12/22,2022-08-12 06:17:52-04:00,2022-08-11 20:08:27-04:00
8/13/22,2022-08-13 06:18:46-04:00,2022-08-12 20:07:11-04:00
8/14/22,2022-08-14 06:19:41-04:00,2022-08-13 20:05:54-04:00
8/15/22,2022-08-15 06:20:36-04:00,2022-08-14 20:04:36-04:00
8/16/22,2022-08-16 06:21:30-04:00,2022-08-15 20:03:17-04:00
8/17/22,2022-08-17 06:22:25-04:00,2022-08-16 20:01:56-04:00
8/18/22,2022-08-18 06:23:19-04:00,2022-08-17 20:00:35-04:00
8/19/22,2022-08-19 06:24:14-04:00,2022-08-19 19:59:13-04:00
8/20/22,2022-08-20 06:25:08-04:00,2022-08-20 19:57:50-04:00
8/21/22,2022-08-21 06:26:03-04:00,2022-08-21 19:56:26-04:00
8/22/22,2022-08-22 06:26:57-04:00,2022-08-22 19:55:01-04:00
8/23/22,2022-08-23 06:27:52-04:00,2022-08-23 19:53:36-04:00
8/24/22,2022-08-24 06:28:46-04:00,2022-08-24 19:52:09-04:00
8/25/22,2022-08-25 06:29:40-04:00,2022-08-25 19:50:42-04:00
8/26/22,2022-08-26 06:30:34-04:00,2022-08-26 19:49:14-04:00
8/27/22,2022-08-27 06:31:28-04:00,2022-08-27 19:47:45-04:00
8/28/22,2022-08-28 06:32:22-04:00,2022-08-28 19:46:16-04:00
8/29/22,2022-08-29 06:33:16-04:00,2022-08-29 19:44:46-04:00
8/30/22,2022-08-30 06:34:10-04:00,2022-08-30 19:43:15-04:00
8/31/22,2022-08-31 06:35:04-04:00,2022-08-31 19:41:44-04:00
9/1/22,2022-09-01 06:35:57-04:00,2022-09-01 19:40:12-04:00
9/2/22,2022-09-02 06:36:51-04:00,2022-09-02 19:38:40-04:00
9/3/22,2022-09-03 06:37:45-04:00,2022-09-03 19:37:07-04:00
9/4/22,2022-09-04 06:38:38-04:00,2022-09-04 19:35:34-04:00
9/5/22,2022-09-05 06:39:32-04:00,2022-09-05 19:34:00-04:00
9/6/22,2022-09-06 06:40:25-04:00,2022-09-06 19:32:26-04:00
9/7/22,2022-09-07 06:41:19-04:00,2022-09-07 19:30:52-04:00
9/8/22,2022-09-08 06:42:12-04:00,2022-09-08 19:29:17-04:00
9/9/22,2022-09-09 06:43:06-04:00,2022-09-09 19:27:42-04:00
9/10/22,2022-09-10 06:43:59-04:00,2022-09-10 19:26:07-04:00
9/11/22,2022-09-11 06:44:53-04:00,2022-09-11 19:24:31-04:00
9/12/22,2022-09-12 06:45:46-04:00,2022-09-12 19:22:55-04:00
9/13/22,2022-09-13 06:46:39-04:00,2022-09-13 19:21:19-04:00
9/14/22,2022-09-14 06:47:33-04:00,2022-09-14 19:19:43-04:00
9/15/22,2022-09-15 06:48:27-04:00,2022-09-15 19:18:06-04:00
9/16/22,2022-09-16 06:49:20-04:00,2022-09-16 19:16:30-04:00
9/17/22,2022-09-17 06:50:14-04:00,2022-09-17 19:14:53-04:00
9/18/22,2022-09-18 06:51:08-04:00,2022-09-18 19:13:17-04:00
9/19/22,2022-09-19 06:52:02-04:00,2022-09-19 19:11:40-04:00
9/20/22,2022-09-20 06:52:55-04:00,2022-09-20 19:10:03-04:00
9/21/22,2022-09-21 06:53:50-04:00,2022-09-21 19:08:27-04:00
9/22/22,2022-09-22 06:54:44-04:00,2022-09-22 19:06:50-04:00
9/23/22,2022-09-23 06:55:38-04:00,2022-09-23 19:05:14-04:00
9/24/22,2022-09-24 06:56:32-04:00,2022-09-24 19:03:37-04:00
9/25/22,2022-09-25 06:57:27-04:00,2022-09-25 19:02:01-04:00
9/26/22,2022-09-26 06:58:22-04:00,2022-09-26 19:00:25-04:00
9/27/22,2022-09-27 06:59:17-04:00,2022-09-27 18:58:49-04:00
9/28/22,2022-09-28 07:00:12-04:00,2022-09-28 18:57:14-04:00
9/29/22,2022-09-29 07:01:07-04:00,2022-09-29 18:55:39-04:00
9/30/22,2022-09-30 07:02:03-04:00,2022-09-30 18:54:04-04:00
10/1/22,2022-10-01 07:02:59-04:00,2022-10-01 18:52:29-04:00
10/2/22,2022-10-02 07:03:55-04:00,2022-10-02 18:50:55-04:00
10/3/22,2022-10-03 07:04:51-04:00,2022-10-03 18:49:21-04:00
10/4/22,2022-10-04 07:05:47-04:00,2022-10-04 18:47:47-04:00
10/5/22,2022-10-05 07:06:44-04:00,2022-10-05 18:46:14-04:00
10/6/22,2022-10-06 07:07:41-04:00,2022-10-06 18:44:42-04:00
10/7/22,2022-10-07 07:08:39-04:00,2022-10-07 18:43:10-04:00
10/8/22,2022-10-08 07:09:36-04:00,2022-10-08 18:41:39-04:00
10/9/22,2022-10-09 07:10:34-04:00,2022-10-09 18:40:08-04:00
10/10/22,2022-10-10 07:11:32-04:00,2022-10-10 18:38:37-04:00
10/11/22,2022-10-11 07:12:31-04:00,2022-10-11 18:37:08-04:00
10/12/22,2022-10-12 07:13:30-04:00,2022-10-12 18:35:39-04:00
10/13/22,2022-10-13 07:14:29-04:00,2022-10-13 18:34:11-04:00
10/14/22,2022-10-14 07:15:28-04:00,2022-10-14 18:32:43-04:00
10/15/22,2022-10-15 07:16:28-04:00,2022-10-15 18:31:17-04:00
10/16/22,2022-10-16 07:17:28-04:00,2022-10-16 18:29:51-04:00
10/17/22,2022-10-17 07:18:28-04:00,2022-10-17 18:28:26-04:00
10/18/22,2022-10-18 07:19:29-04:00,2022-10-18 18:27:01-04:00
10/19/22,2022-10-19 07:20:30-04:00,2022-10-19 18:25:38-04:00
10/20/22,2022-10-20 07:21:32-04:00,2022-10-20 18:24:16-04:00
10/21/22,2022-10-21 07:22:33-04:00,2022-10-21 18:22:54-04:00
10/22/22,2022-10-22 07:23:36-04:00,2022-10-22 18:21:34-04:00
10/23/22,2022-10-23 07:24:38-04:00,2022-10-23 18:20:15-04:00
10/24/22,2022-10-24 07:25:41-04:00,2022-10-24 18:18:56-04:00
10/25/22,2022-10-25 07:26:44-04:00,2022-10-25 18:17:39-04:00
10/26/22,2022-10-26 07:27:47-04:00,2022-10-26 18:16:23-04:00
10/27/22,2022-10-27 07:28:51-04:00,2022-10-27 18:15:08-04:00
10/28/22,2022-10-28 07:29:55-04:00,2022-10-28 18:13:55-04:00
10/29/22,2022-10-29 07:30:59-04:00,2022-10-29 18:12:42-04:00
10/30/22,2022-10-30 07:32:03-04:00,2022-10-30 18:11:31-04:00
10/31/22,2022-10-31 07:33:08-04:00,2022-10-31 18:10:21-04:00
11/1/22,2022-11-01 07:34:13-04:00,2022-11-01 18:09:13-04:00
11/2/22,2022-11-02 07:35:18-04:00,2022-11-02 18:08:06-04:00
11/3/22,2022-11-03 07:36:24-04:00,2022-11-03 18:07:00-04:00
11/4/22,2022-11-04 07:37:29-04:00,2022-11-04 18:05:56-04:00
11/5/22,2022-11-05 07:38:35-04:00,2022-11-05 18:04:53-04:00
11/6/22,2022-11-06 06:39:41-05:00,2022-11-06 17:03:52-05:00
11/7/22,2022-11-07 06:40:47-05:00,2022-11-07 17:02:52-05:00
11/8/22,2022-11-08 06:41:53-05:00,2022-11-08 17:01:54-05:00
11/9/22,2022-11-09 06:43:00-05:00,2022-11-09 17:00:58-05:00
11/10/22,2022-11-10 06:44:06-05:00,2022-11-10 17:00:03-05:00
11/11/22,2022-11-11 06:45:12-05:00,2022-11-11 16:59:10-05:00
11/12/22,2022-11-12 06:46:19-05:00,2022-11-12 16:58:18-05:00
11/13/22,2022-11-13 06:47:25-05:00,2022-11-13 16:57:29-05:00
11/14/22,2022-11-14 06:48:31-05:00,2022-11-14 16:56:41-05:00
11/15/22,2022-11-15 06:49:37-05:00,2022-11-15 16:55:54-05:00
11/16/22,2022-11-16 06:50:43-05:00,2022-11-16 16:55:10-05:00
11/17/22,2022-11-17 06:51:49-05:00,2022-11-17 16:54:28-05:00
11/18/22,2022-11-18 06:52:54-05:00,2022-11-18 16:53:47-05:00
11/19/22,2022-11-19 06:53:59-05:00,2022-11-19 16:53:09-05:00
11/20/22,2022-11-20 06:55:04-05:00,2022-11-20 16:52:32-05:00
11/21/22,2022-11-21 06:56:09-05:00,2022-11-21 16:51:57-05:00
11/22/22,2022-11-22 06:57:13-05:00,2022-11-22 16:51:24-05:00
11/23/22,2022-11-23 06:58:17-05:00,2022-11-23 16:50:54-05:00
11/24/22,2022-11-24 06:59:20-05:00,2022-11-24 16:50:25-05:00
11/25/22,2022-11-25 07:00:23-05:00,2022-11-25 16:49:58-05:00
11/26/22,2022-11-26 07:01:25-05:00,2022-11-26 16:49:34-05:00
11/27/22,2022-11-27 07:02:26-05:00,2022-11-27 16:49:11-05:00
11/28/22,2022-11-28 07:03:27-05:00,2022-11-28 16:48:51-05:00
11/29/22,2022-11-29 07:04:27-05:00,2022-11-29 16:48:33-05:00
11/30/22,2022-11-30 07:05:27-05:00,2022-11-30 16:48:17-05:00
12/1/22,2022-12-01 07:06:25-05:00,2022-12-01 16:48:03-05:00
12/2/22,2022-12-02 07:07:23-05:00,2022-12-02 16:47:51-05:00
12/3/22,2022-12-03 07:08:19-05:00,2022-12-03 16:47:42-05:00
12/4/22,2022-12-04 07:09:15-05:00,2022-12-04 16:47:34-05:00
12/5/22,2022-12-05 07:10:10-05:00,2022-12-05 16:47:29-05:00
12/6/22,2022-12-06 07:11:03-05:00,2022-12-06 16:47:26-05:00
12/7/22,2022-12-07 07:11:55-05:00,2022-12-07 16:47:25-05:00
12/8/22,2022-12-08 07:12:47-05:00,2022-12-08 16:47:27-05:00
12/9/22,2022-12-09 07:13:36-05:00,2022-12-09 16:47:30-05:00
12/10/22,2022-12-10 07:14:25-05:00,2022-12-10 16:47:36-05:00
12/11/22,2022-12-11 07:15:12-05:00,2022-12-11 16:47:44-05:00
12/12/22,2022-12-12 07:15:58-05:00,2022-12-12 16:47:54-05:00
12/13/22,2022-12-13 07:16:42-05:00,2022-12-13 16:48:06-05:00
12/14/22,2022-12-14 07:17:25-05:00,2022-12-14 16:48:20-05:00
12/15/22,2022-12-15 07:18:07-05:00,2022-12-15 16:48:36-05:00
12/16/22,2022-12-16 07:18:46-05:00,2022-12-16 16:48:55-05:00
12/17/22,2022-12-17 07:19:24-05:00,2022-12-17 16:49:15-05:00
12/18/22,2022-12-18 07:20:01-05:00,2022-12-18 16:49:38-05:00
12/19/22,2022-12-19 07:20:35-05:00,2022-12-19 16:50:02-05:00
12/20/22,2022-12-20 07:21:08-05:00,2022-12-20 16:50:29-05:00
12/21/22,2022-12-21 07:21:39-05:00,2022-12-21 16:50:57-05:00
12/22/22,2022-12-22 07:22:08-05:00,2022-12-22 16:51:28-05:00
12/23/22,2022-12-23 07:22:36-05:00,2022-12-23 16:52:00-05:00
12/24/22,2022-12-24 07:23:01-05:00,2022-12-24 16:52:34-05:00
12/25/22,2022-12-25 07:23:25-05:00,2022-12-25 16:53:10-05:00
12/26/22,2022-12-26 07:23:46-05:00,2022-12-26 16:53:48-05:00
12/27/22,2022-12-27 07:24:06-05:00,2022-12-27 16:54:28-05:00
12/28/22,2022-12-28 07:24:23-05:00,2022-12-28 16:55:09-05:00
12/29/22,2022-12-29 07:24:39-05:00,2022-12-29 16:55:52-05:00
12/30/22,2022-12-30 07:24:52-05:00,2022-12-30 16:56:36-05:00
12/31/22,2022-12-31 07:25:04-05:00,2022-12-31 16:57:22-05:00